<keymap version="1" name="pguardati-osx-pycharm-legacy" parent="Default for GNOME">
  <action id="ActivateBigDataToolWindowToolWindow">
    <keyboard-shortcut first-keystroke="shift ctrl meta b" />
  </action>
  <action id="ActivateDatabaseSessionsToolWindow">
    <keyboard-shortcut first-keystroke="meta p" />
  </action>
  <action id="ActivateDebugToolWindow" />
  <action id="ActivateGitHubCopilotChatToolWindow">
    <keyboard-shortcut first-keystroke="meta g" />
  </action>
  <action id="ActivateMypyToolWindow">
    <keyboard-shortcut first-keystroke="meta m" />
  </action>
  <action id="ActivateProjectToolWindow">
    <keyboard-shortcut first-keystroke="alt 1" />
    <keyboard-shortcut first-keystroke="alt f" />
  </action>
  <action id="ActivatePythonConsoleToolWindow">
    <keyboard-shortcut first-keystroke="alt c" />
  </action>
  <action id="ActivateSciViewToolWindow">
    <keyboard-shortcut first-keystroke="meta d" />
  </action>
  <action id="ActivateServicesToolWindow">
    <keyboard-shortcut first-keystroke="meta s" />
  </action>
  <action id="ActivateTODOToolWindow">
    <keyboard-shortcut first-keystroke="alt d" />
  </action>
  <action id="ActivateTerminalToolWindow">
    <keyboard-shortcut first-keystroke="alt f12" />
    <keyboard-shortcut first-keystroke="alt t" />
  </action>
  <action id="ChangesView.Revert">
    <keyboard-shortcut first-keystroke="meta z" />
  </action>
  <action id="CloseActiveTab" />
  <action id="CloseContent">
    <keyboard-shortcut first-keystroke="meta w" />
  </action>
  <action id="CollapseAll">
    <keyboard-shortcut first-keystroke="shift ctrl minus" />
  </action>
  <action id="CollapseTreeNode">
    <keyboard-shortcut first-keystroke="ctrl minus" />
  </action>
  <action id="CommentByBlockComment">
    <keyboard-shortcut first-keystroke="meta slash" />
  </action>
  <action id="CommentByLineComment">
    <keyboard-shortcut first-keystroke="meta slash" />
  </action>
  <action id="Console.Execute.Multiline">
    <keyboard-shortcut first-keystroke="meta e" />
  </action>
  <action id="Console.Jdbc.Execute">
    <keyboard-shortcut first-keystroke="meta e" />
  </action>
  <action id="Console.TableResult.NavigateForeignAction">
    <keyboard-shortcut first-keystroke="ctrl b" />
    <mouse-shortcut keystroke="control button1" />
    <mouse-shortcut keystroke="button2" />
  </action>
  <action id="ConsoleView.ClearAll">
    <keyboard-shortcut first-keystroke="meta c" />
  </action>
  <action id="CopyPathFromRepositoryRootProvider">
    <keyboard-shortcut first-keystroke="meta c" />
  </action>
  <action id="DBNavigator.Actions.Execute">
    <keyboard-shortcut first-keystroke="meta e" />
  </action>
  <action id="Docker.RemoteServers.StartContainer">
    <keyboard-shortcut first-keystroke="shift ctrl f10" />
  </action>
  <action id="Docker.RemoteServers.StopContainer">
    <keyboard-shortcut first-keystroke="meta c" />
  </action>
  <action id="EditorAddOrRemoveCaret" />
  <action id="EditorDecreaseFontSize">
    <keyboard-shortcut first-keystroke="meta minus" />
  </action>
  <action id="EditorIncreaseFontSize">
    <keyboard-shortcut first-keystroke="meta equals" />
  </action>
  <action id="EditorIndentLineOrSelection">
    <keyboard-shortcut first-keystroke="tab" />
  </action>
  <action id="ExecuteInPyConsoleAction">
    <keyboard-shortcut first-keystroke="meta e" />
  </action>
  <action id="ExpandAll" />
  <action id="ExpandTreeNode">
    <keyboard-shortcut first-keystroke="ctrl equals" />
  </action>
  <action id="ExportSettings">
    <keyboard-shortcut first-keystroke="shift meta s" />
  </action>
  <action id="ExternalSystem.ExpandAll">
    <keyboard-shortcut first-keystroke="shift ctrl equals" />
  </action>
  <action id="FindNext">
    <keyboard-shortcut first-keystroke="f3" />
  </action>
  <action id="FullyExpandTreeNode">
    <keyboard-shortcut first-keystroke="shift ctrl equals" />
  </action>
  <action id="Git.Branches">
    <keyboard-shortcut first-keystroke="meta b" />
  </action>
  <action id="Git.CheckoutGroup">
    <keyboard-shortcut first-keystroke="meta c" />
  </action>
  <action id="Git.Ignore.File">
    <keyboard-shortcut first-keystroke="meta i" />
  </action>
  <action id="Git.New.Branch.In.Log">
    <keyboard-shortcut first-keystroke="meta n" />
  </action>
  <action id="Git.Squash.Commits">
    <keyboard-shortcut first-keystroke="alt s" />
  </action>
  <action id="GitCheckoutAsNewBranch">
    <keyboard-shortcut first-keystroke="meta n" />
  </action>
  <action id="GitNewBranchAction">
    <keyboard-shortcut first-keystroke="meta n" />
  </action>
  <action id="Github.Open.In.Browser">
    <keyboard-shortcut first-keystroke="shift ctrl g" />
  </action>
  <action id="Github.View.Pull.Request">
    <keyboard-shortcut first-keystroke="alt p" />
  </action>
  <action id="HideActiveWindow" />
  <action id="MarkSourceRoot">
    <keyboard-shortcut first-keystroke="meta m" />
  </action>
  <action id="MypyModifiedFilesAction">
    <keyboard-shortcut first-keystroke="meta m" />
  </action>
  <action id="NewElement">
    <keyboard-shortcut first-keystroke="meta n" />
  </action>
  <action id="NextSplitter">
    <keyboard-shortcut first-keystroke="ctrl l" />
  </action>
  <action id="NextTab">
    <keyboard-shortcut first-keystroke="alt l" />
  </action>
  <action id="PrevSplitter">
    <keyboard-shortcut first-keystroke="ctrl h" />
  </action>
  <action id="PreviousTab">
    <keyboard-shortcut first-keystroke="alt h" />
  </action>
  <action id="ReformatCode">
    <keyboard-shortcut first-keystroke="meta r" />
    <keyboard-shortcut first-keystroke="ctrl alt l" />
  </action>
  <action id="Replace">
    <keyboard-shortcut first-keystroke="alt r" />
  </action>
  <action id="Rerun" />
  <action id="RestartIde">
    <keyboard-shortcut first-keystroke="shift meta r" />
  </action>
  <action id="RevealIn">
    <keyboard-shortcut first-keystroke="meta o" />
  </action>
  <action id="SelectInProjectView">
    <keyboard-shortcut first-keystroke="alt v" />
    <keyboard-shortcut first-keystroke="meta f" />
  </action>
  <action id="ShowSettings">
    <keyboard-shortcut first-keystroke="shift alt s" />
  </action>
  <action id="Terminal.OpenInTerminal">
    <keyboard-shortcut first-keystroke="meta t" />
  </action>
  <action id="Terminal.SplitHorizontally">
    <mouse-shortcut keystroke="alt button1" />
  </action>
  <action id="Terminal.SplitVertically">
    <mouse-shortcut keystroke="meta button1" />
  </action>
  <action id="Terminal.SwitchFocusToEditor">
    <keyboard-shortcut first-keystroke="shift escape" />
  </action>
  <action id="TerminalSplitActionBase$Vertical">
    <mouse-shortcut keystroke="meta button1" />
  </action>
  <action id="ToggleBookmark7" />
  <action id="ToggleFullScreen">
    <keyboard-shortcut first-keystroke="ctrl meta f" />
  </action>
  <action id="ToggleLineBreakpoint">
    <keyboard-shortcut first-keystroke="shift meta b" />
  </action>
  <action id="ToggleTemporaryLineBreakpoint" />
  <action id="TypeHierarchy" />
  <action id="TypeHierarchyBase.BaseOnThisType" />
  <action id="UnmarkRoot">
    <keyboard-shortcut first-keystroke="meta m" />
  </action>
  <action id="UsageView.Rerun" />
  <action id="Vcs.Log.FocusTextFilter" />
  <action id="Vcs.Push.Force">
    <keyboard-shortcut first-keystroke="shift ctrl p" />
  </action>
  <action id="Vcs.Show.Log">
    <keyboard-shortcut first-keystroke="alt g" />
  </action>
  <action id="Vcs.UpdateProject">
    <keyboard-shortcut first-keystroke="meta u" />
  </action>
  <action id="ViewBreakpoints" />
  <action id="XDebugger.AttachToProcess" />
  <action id="context.save" />
  <action id="copilot.disposeInlays" />
  <action id="dbtPreviewModelAction">
    <keyboard-shortcut first-keystroke="meta e" />
  </action>
  <action id="me.lensvol.blackconnect.actions.ReformatSelectedFragmentAction">
    <keyboard-shortcut first-keystroke="ctrl alt l" />
  </action>
  <action id="me.lensvol.blackconnect.actions.ReformatWholeFileAction">
    <keyboard-shortcut first-keystroke="ctrl alt l" />
  </action>
</keymap>